CREATE DATABASE IF NOT EXISTS polusi;
USE polusi;

CREATE TABLE negara (
    kode_negara VARCHAR(3) PRIMARY KEY,
    nama_negara VARCHAR(100),
    benua VARCHAR(100),
    created_at TIMESTAMP
);

DESCRIBE negara;

INSERT INTO negara VALUES
('USA','United States','Amerika','2024-11-12'),
('CAN','Canada','Amerika','2024-09-28'),
('MEX','Mexico','Amerika','2024-07-15'),
('BRA','Brazil','Amerika Selatan','2024-03-21'),
('ARG','Argentina','Amerika Selatan','2023-12-10'),
('GBR','United Kingdom','Eropa','2024-02-19'),
('FRA','France','Eropa','2024-10-05'),
('GER','Germany','Eropa','2024-02-19'),
('ITA','Italy','Eropa','2025-01-14'),
('ESP','Spain','Eropa','2023-11-30'),
('NLD','Netherlands','Eropa','2024-06-08'),
('CHN','China','Asia','2024-08-22'),
('JPN','Japan','Asia','2024-12-01'),
('KOR','South Korea','Asia','2024-05-27'),
('IND','India','Asia','2024-09-03'),
('IDN','Indonesia','Asia','2024-09-03'),
('PAK','Pakistan','Asia','2023-10-16'),
('AUS','Australia','Oceania','2025-01-02'),
('NZL','New Zealand','Oceania','2024-04-20'),
('EGY','Egypt','Afrika','2024-07-09'),
('NGA','Nigeria','Afrika','2024-11-01'),
('ZAF','South Africa','Afrika','2024-03-12');

CREATE TABLE kota(
    id_kota INT PRIMARY KEY,
    kode_negara VARCHAR(3),
    nama_kota VARCHAR(200),
    FOREIGN KEY (kode_negara) REFERENCES negara(kode_negara)
);

INSERT INTO kota VALUES
(1, 'USA', 'New York'),
(2, 'USA', 'Los Angeles'),
(3, 'CAN', 'Toronto'),
(4, 'CAN', 'Vancouver'),
(5, 'MEX', 'Mexico City'),
(6, 'MEX', 'Guadalajara'),
(7, 'BRA', 'Sao Paulo'),
(8, 'BRA', 'Rio de Janeiro'),
(9, 'ARG', 'Buenos Aires'),
(10, 'ARG', 'Cordoba'),
(11, 'GBR', 'London'),
(12, 'GBR', 'Manchester'),
(13, 'FRA', 'Paris'),
(14, 'FRA', 'Lyon'),
(15, 'GER', 'Berlin'),
(16, 'GER', 'Munich'),
(17, 'ITA', 'Rome'),
(18, 'ITA', 'Milan'),
(19, 'ESP', 'Madrid'),
(20, 'ESP', 'Barcelona'),
(21, 'CHN', 'Beijing'),
(22, 'CHN', 'Shanghai'),
(23, 'JPN', 'Tokyo'),
(24, 'JPN', 'Osaka'),
(25, 'KOR', 'Seoul'),
(26, 'KOR', 'Busan'),
(27, 'IND', 'New Delhi'),
(28, 'IND', 'Mumbai'),
(29, 'IDN', 'Jakarta'),
(30, 'IDN', 'Surabaya'),
(31, 'AUS', 'Sydney'),
(32, 'AUS', 'Melbourne'),
(33, 'NZL', 'Auckland'),
(34, 'NZL', 'Wellington'),
(35, 'ZAF', 'Johannesburg'),
(36, 'ZAF', 'Cape Town'),
(37, 'EGY', 'Cairo'),
(38, 'EGY', 'Alexandria'),
(39, 'NGA', 'Lagos'),
(40, 'NGA', 'Abuja');

CREATE TABLE populasi_negara(
    id_populasi_negara INT PRIMARY KEY,
    kode_negara VARCHAR(3),
    tahun INT,
    jumlah_populasi BIGINT,
    FOREIGN KEY (kode_negara) REFERENCES negara(kode_negara)
);

INSERT INTO populasi_negara VALUES
(1,'USA',2020,331449281),
(2,'USA',2021,331893745),
(3,'USA',2022,333287557),
(4,'USA',2023,338289857),
(5,'USA',2024,341816029),
(6,'CAN',2020,37589262),
(7,'CAN',2021,37902211),
(8,'CAN',2022,38388419),
(9,'CAN',2023,38915592),
(10,'CAN',2024,39566592),
(11,'MEX',2020,128932753),
(12,'MEX',2021,128932753),
(13,'MEX',2022,128932753),
(14,'MEX',2023,128932753),
(15,'MEX',2024,128932753),
(16,'BRA',2020,212559417),
(17,'BRA',2021,215313498),
(18,'BRA',2022,217033796),
(19,'BRA',2023,217191115),
(20,'BRA',2024,211756771),
(21,'ARG',2020,45510318),
(22,'ARG',2021,45794059),
(23,'ARG',2022,46010234),
(24,'ARG',2023,46372132),
(25,'ARG',2024,46044703),
(26,'GBR',2020,67220119),
(27,'GBR',2021,67415038),
(28,'GBR',2022,67529123),
(29,'GBR',2023,67848593),
(30,'GBR',2024,68108141),
(31,'FRA',2020,67750000),
(32,'FRA',2021,67746000),
(33,'FRA',2022,68042591),
(34,'FRA',2023,68307382),
(35,'FRA',2024,68571057),
(36,'GER',2020,83236000),
(37,'GER',2021,83370000),
(38,'GER',2022,83396000),
(39,'GER',2023,83518000),
(40,'GER',2024,83690000),
(41,'ITA',2020,59110143),
(42,'ITA',2021,59236213),
(43,'ITA',2022,58940159),
(44,'ITA',2023,58811000),
(45,'ITA',2024,58789000),
(46,'ESP',2020,47351567),
(47,'ESP',2021,47615034),
(48,'ESP',2022,47408829),
(49,'ESP',2023,47610300),
(50,'ESP',2024,47718200),
(51,'NLD',2020,17407585),
(52,'NLD',2021,17530041),
(53,'NLD',2022,17590672),
(54,'NLD',2023,17748900),
(55,'NLD',2024,17941400),
(56,'CHN',2020,1402405518),
(57,'CHN',2021,1412600000),
(58,'CHN',2022,1425887337),
(59,'CHN',2023,1425887337),
(60,'CHN',2024,1417173173),
(61,'JPN',2020,126476461),
(62,'JPN',2021,126152071),
(63,'JPN',2022,125124989),
(64,'JPN',2023,124696395),
(65,'JPN',2024,124054000),
(66,'KOR',2020,51748000),
(67,'KOR',2021,51784059),
(68,'KOR',2022,51991323),
(69,'KOR',2023,51748000),
(70,'KOR',2024,51518894),
(71,'IND',2020,1380004385),
(72,'IND',2021,1393409038),
(73,'IND',2022,1406632000),
(74,'IND',2023,1407563842),
(75,'IND',2024,1423173173),
(76,'IDN',2020,270203917),
(77,'IDN',2021,271919000),
(78,'IDN',2022,273036000),
(79,'IDN',2023,275501339),
(80,'IDN',2024,277534122),
(81,'PAK',2020,220892331),
(82,'PAK',2021,231402117),
(83,'PAK',2022,220892331),
(84,'PAK',2023,240485658),
(85,'PAK',2024,242924185),
(86,'AUS',2020,25687041),
(87,'AUS',2021,26068792),
(88,'AUS',2022,26362254),
(89,'AUS',2023,26698152),
(90,'AUS',2024,27085681),
(91,'NZL',2020,5127520),
(92,'NZL',2021,5228100),
(93,'NZL',2022,5357800),
(94,'NZL',2023,5507400),
(95,'NZL',2024,5675888),
(96,'EGY',2020,100388073),
(97,'EGY',2021,104124440),
(98,'EGY',2022,107775661),
(99,'EGY',2023,110990103),
(100,'EGY',2024,114163384),
(101,'NGA',2020,206139589),
(102,'NGA',2021,218541212),
(103,'NGA',2022,223804632),
(104,'NGA',2023,223804632),
(105,'NGA',2024,223024952),
(106,'GBR',2020,67220119),
(107,'ZAF',2020,59308690),
(108,'ZAF',2021,60142978),
(109,'ZAF',2022,60142978),
(110,'ZAF',2023,60959095);

CREATE TABLE populasi_kota(
    id_populasi_kota INT PRIMARY KEY,
    id_kota INT,
    tahun INT,
    jumlah_populasi INT,
    FOREIGN KEY(id_kota) REFERENCES kota(id_kota)
);

INSERT INTO populasi_kota VALUES
(1,1,2020,4870546),
(2,1,2021,4895146),
(3,1,2022,4902687),
(4,1,2023,4929743),
(5,1,2024,4951444),
(6,2,2020,1377253),
(7,2,2021,1392383),
(8,2,2022,1419581),
(9,2,2023,1444611),
(10,2,2024,1457137),
(11,3,2020,4207912),
(12,3,2021,4222204),
(13,3,2022,4229835),
(14,3,2023,4242047),
(15,3,2024,4248769),
(16,4,2020,6565851),
(17,4,2021,6580001),
(18,4,2022,6601298),
(19,4,2023,6618781),
(20,4,2024,6643819),
(21,5,2020,2747276),
(22,5,2021,2749649),
(23,5,2022,2770748),
(24,5,2023,2776013),
(25,5,2024,2791821),
(26,6,2020,547967),
(27,6,2021,556888),
(28,6,2022,574579),
(29,6,2023,590672),
(30,6,2024,594799),
(31,7,2020,6602016),
(32,7,2021,6618139),
(33,7,2022,6624067),
(34,7,2023,6626616),
(35,7,2024,6633162),
(36,8,2020,8035735),
(37,8,2021,8054449),
(38,8,2022,8062285),
(39,8,2023,8064107),
(40,8,2024,8065129),
(41,9,2020,7354095),
(42,9,2021,7363611),
(43,9,2022,7384755),
(44,9,2023,7409791),
(45,9,2024,7424318),
(46,10,2020,9271162),
(47,10,2021,9277828),
(48,10,2022,9294920),
(49,10,2023,9298904),
(50,10,2024,9309799),
(51,11,2020,1473411),
(52,11,2021,1493369),
(53,11,2022,1522234),
(54,11,2023,1545856),
(55,11,2024,1569990),
(56,12,2020,1146772),
(57,12,2021,1151049),
(58,12,2022,1177349),
(59,12,2023,1187746),
(60,12,2024,1213103),
(61,13,2020,4372875),
(62,13,2021,4378124),
(63,13,2022,4406418),
(64,13,2023,4418828),
(65,13,2024,4432971),
(66,14,2020,1213651),
(67,14,2021,1240803),
(68,14,2022,1253938),
(69,14,2023,1274886),
(70,14,2024,1298630),
(71,15,2020,2107354),
(72,15,2021,2134880),
(73,15,2022,2152073),
(74,15,2023,2154169),
(75,15,2024,2157596),
(76,16,2020,5108504),
(77,16,2021,5120561),
(78,16,2022,5126251),
(79,16,2023,5150715),
(80,16,2024,5166287),
(81,17,2020,9757386),
(82,17,2021,9772856),
(83,17,2022,9783369),
(84,17,2023,9798010),
(85,17,2024,9802434),
(86,18,2020,5942291),
(87,18,2021,5966614),
(88,18,2022,5986111),
(89,18,2023,5991215),
(90,18,2024,6019223),
(91,19,2020,4500696),
(92,19,2021,4506814),
(93,19,2022,4527995),
(94,19,2023,4533539),
(95,19,2024,4543740),
(96,20,2020,8883857),
(97,20,2021,8885341),
(98,20,2022,8891013),
(99,20,2023,8902396),
(100,20,2024,8925483),
(101,21,2020,1287005),
(102,21,2021,1297821),
(103,21,2022,1323167),
(104,21,2023,1327111),
(105,21,2024,1331863),
(106,22,2020,2077767),
(107,22,2021,2102542),
(108,22,2022,2128001),
(109,22,2023,2146844),
(110,22,2024,2155517),
(111,23,2020,1663704),
(112,23,2021,1666108),
(113,23,2022,1679959),
(114,23,2023,1697567),
(115,23,2024,1714784),
(116,24,2020,7445764),
(117,24,2021,7450802),
(118,24,2022,7463225),
(119,24,2023,7473880),
(120,24,2024,7498246),
(121,25,2020,5961700),
(122,25,2021,5982631),
(123,25,2022,5990295),
(124,25,2023,6003411),
(125,25,2024,6006820),
(126,26,2020,6249157),
(127,26,2021,6258213),
(128,26,2022,6264633),
(129,26,2023,6280676),
(130,26,2024,6291540),
(131,27,2020,3878704),
(132,27,2021,3891225),
(133,27,2022,3900731),
(134,27,2023,3904446),
(135,27,2024,3915368),
(136,28,2020,8996360),
(137,28,2021,9019441),
(138,28,2022,9037417),
(139,28,2023,9056750),
(140,28,2024,9086640),
(141,29,2020,6062814),
(142,29,2021,6077919),
(143,29,2022,6097855),
(144,29,2023,6124440),
(145,29,2024,6143328),
(146,30,2020,9077391),
(147,30,2021,9089926),
(148,30,2022,9105791),
(149,30,2023,9112176),
(150,30,2024,9113323),
(151,31,2020,5767329),
(152,31,2021,5792588),
(153,31,2022,5813898),
(154,31,2023,5840420),
(155,31,2024,5865268),
(156,32,2020,7858790),
(157,32,2021,7886194),
(158,32,2022,7896202),
(159,32,2023,7909638),
(160,32,2024,7919743),
(161,33,2020,7544317),
(162,33,2021,7555745),
(163,33,2022,7576050),
(164,33,2023,7588043),
(165,33,2024,7611252),
(166,34,2020,9486403),
(167,34,2021,9504779),
(168,34,2022,9513435),
(169,34,2023,9541699),
(170,34,2024,9570536),
(171,35,2020,4953618),
(172,35,2021,4961470),
(173,35,2022,4975452),
(174,35,2023,4984643),
(175,35,2024,5007844),
(176,36,2020,1395186),
(177,36,2021,1409957),
(178,36,2022,1420851),
(179,36,2023,1438611),
(180,36,2024,1453419),
(181,37,2020,6897635),
(182,37,2021,6907423),
(183,37,2022,6926202),
(184,37,2023,6937038),
(185,37,2024,6940652),
(186,38,2020,7890695),
(187,38,2021,7914004),
(188,38,2022,7915537),
(189,38,2023,7937859),
(190,38,2024,7944390),
(191,39,2020,9423205),
(192,39,2021,9425833),
(193,39,2022,9432998),
(194,39,2023,9448810),
(195,39,2024,9461844),
(196,40,2020,8627777),
(197,40,2021,8651149),
(198,40,2022,8671134),
(199,40,2023,8698008),
(200,40,2024,8724804);

CREATE TABLE polusi(
    id_polusi INT PRIMARY KEY,
    id_kota INT,
    tahun INT,
    index_kualitas_udara DECIMAL(6,2),
    index_co2 DECIMAL(6,2),
    index_ozone DECIMAL(6,2),
    index_no2 DECIMAL(6,2),
    pm25 DECIMAL(6,2),
    FOREIGN KEY(id_kota) REFERENCES kota(id_kota)
);

INSERT INTO polusi VALUES
(1,1,2020,128,406,22,8,8.3),
(2,1,2021,93,600,53,98,48.2),
(3,1,2022,188,564,37,73,22.6),
(4,1,2023,145,499,42,38,71.2),
(5,1,2024,140,359,64,61,47.0),
(6,2,2020,97,511,56,27,22.7),
(7,2,2021,139,523,69,46,22.4),
(8,2,2022,63,241,37,31,44.3),
(9,2,2023,195,224,38,40,60.1),
(10,2,2024,137,455,42,52,16.9),
(11,3,2020,194,598,20,58,57.7),
(12,3,2021,121,335,30,46,21.7),
(13,3,2022,122,301,55,16,18.9),
(14,3,2023,41,434,13,22,24.4),
(15,3,2024,45,335,45,73,8.4),
(16,4,2020,141,523,30,68,70.8),
(17,4,2021,54,502,20,78,75.2),
(18,4,2022,130,487,46,78,29.8),
(19,4,2023,95,412,22,59,61.7),
(20,4,2024,124,572,14,11,67.2),
(21,5,2020,74,456,32,67,68.3),
(22,5,2021,165,597,62,45,77.8),
(23,5,2022,89,365,22,48,10.2),
(24,5,2023,99,524,14,93,22.9),
(25,5,2024,169,579,41,10,77.2),
(26,6,2020,110,503,12,88,17.7),
(27,6,2021,57,295,38,6,25.5),
(28,6,2022,104,569,21,18,16.1),
(29,6,2023,56,404,19,76,77.1),
(30,6,2024,57,398,32,66,43.5),
(31,7,2020,33,382,24,24,38.0),
(32,7,2021,140,469,47,13,79.7),
(33,7,2022,26,486,58,39,32.0),
(34,7,2023,169,525,50,23,53.9),
(35,7,2024,76,303,37,25,57.5),
(36,8,2020,24,493,58,36,31.4),
(37,8,2021,80,329,43,81,60.7),
(38,8,2022,135,290,29,95,68.6),
(39,8,2023,91,305,21,47,8.3),
(40,8,2024,33,371,69,46,23.5),
(41,9,2020,43,575,20,40,26.7),
(42,9,2021,163,547,46,18,22.4),
(43,9,2022,110,490,68,99,13.5),
(44,9,2023,189,534,18,19,44.4),
(45,9,2024,63,235,58,53,10.9),
(46,10,2020,177,324,53,100,38.5),
(47,10,2021,121,473,24,56,31.2),
(48,10,2022,75,315,62,26,57.9),
(49,10,2023,112,343,18,72,47.6),
(50,10,2024,47,456,31,10,29.2),
(51,11,2020,98,576,19,28,66.9),
(52,11,2021,91,499,27,16,33.4),
(53,11,2022,181,349,14,53,26.7),
(54,11,2023,60,566,38,62,60.5),
(55,11,2024,88,476,13,87,79.1),
(56,12,2020,64,376,12,78,15.6),
(57,12,2021,74,447,54,19,11.4),
(58,12,2022,152,413,44,39,21.9),
(59,12,2023,71,316,16,32,63.7),
(60,12,2024,130,285,12,48,5.6),
(61,13,2020,145,292,41,31,46.8),
(62,13,2021,169,406,54,56,31.7),
(63,13,2022,114,456,59,55,68.6),
(64,13,2023,99,378,38,37,67.0),
(65,13,2024,39,265,33,88,35.1),
(66,14,2020,199,589,13,29,76.3),
(67,14,2021,189,386,29,68,77.7),
(68,14,2022,138,348,55,58,78.3),
(69,14,2023,149,456,32,97,19.3),
(70,14,2024,188,567,13,47,72.9),
(71,15,2020,178,599,58,65,61.9),
(72,15,2021,161,451,26,51,28.8),
(73,15,2022,160,488,12,99,78.9),
(74,15,2023,158,327,32,50,45.7),
(75,15,2024,38,292,60,84,73.7),
(76,16,2020,35,560,43,72,26.4),
(77,16,2021,156,545,22,42,9.4),
(78,16,2022,22,600,33,25,21.3),
(79,16,2023,65,286,64,45,12.5),
(80,16,2024,196,539,15,6,29.9),
(81,17,2020,99,442,39,66,7.3),
(82,17,2021,104,344,23,68,68.2),
(83,17,2022,50,437,65,66,16.7),
(84,17,2023,152,322,63,66,53.5),
(85,17,2024,140,531,31,63,19.3),
(86,18,2020,75,402,12,73,29.1),
(87,18,2021,105,428,69,42,43.8),
(88,18,2022,78,381,40,57,69.1),
(89,18,2023,60,351,12,31,21.9),
(90,18,2024,67,487,47,71,16.6),
(91,19,2020,93,594,46,15,22.2),
(92,19,2021,155,462,60,52,55.0),
(93,19,2022,113,285,58,52,25.5),
(94,19,2023,46,392,34,68,42.3),
(95,19,2024,174,447,69,62,22.8),
(96,20,2020,38,318,14,32,10.2),
(97,20,2021,171,248,35,26,33.2),
(98,20,2022,44,216,52,46,53.4),
(99,20,2023,150,584,54,93,32.4),
(100,20,2024,184,556,39,56,25.6),
(101,21,2020,193,373,20,68,7.9),
(102,21,2021,139,487,14,10,58.3),
(103,21,2022,117,280,30,95,36.7),
(104,21,2023,99,584,57,63,78.5),
(105,21,2024,105,430,54,54,59.3),
(106,22,2020,42,280,21,12,63.5),
(107,22,2021,120,567,32,91,16.5),
(108,22,2022,168,520,22,73,62.6),
(109,22,2023,35,341,23,88,15.4),
(110,22,2024,84,284,28,25,62.7),
(111,23,2020,196,426,10,68,73.7),
(112,23,2021,36,243,67,97,75.4),
(113,23,2022,90,379,32,74,44.9),
(114,23,2023,29,454,18,46,14.4),
(115,23,2024,142,433,47,33,68.4),
(116,24,2020,158,485,25,25,67.8),
(117,24,2021,106,508,48,34,63.1),
(118,24,2022,194,510,25,60,26.9),
(119,24,2023,63,378,59,18,23.5),
(120,24,2024,153,591,15,56,23.0),
(121,25,2020,57,252,58,15,68.7),
(122,25,2021,104,565,45,19,69.5),
(123,25,2022,117,373,45,49,65.9),
(124,25,2023,117,597,17,75,14.6),
(125,25,2024,58,471,45,95,29.1),
(126,26,2020,64,466,33,79,33.8),
(127,26,2021,112,252,64,51,32.0),
(128,26,2022,62,221,56,45,75.1),
(129,26,2023,61,341,55,38,59.9),
(130,26,2024,70,372,62,12,75.9),
(131,27,2020,166,573,64,80,22.7),
(132,27,2021,170,231,62,88,53.9),
(133,27,2022,131,454,56,82,17.1),
(134,27,2023,169,246,69,7,14.3),
(135,27,2024,139,359,21,20,51.5),
(136,28,2020,148,546,57,90,22.4),
(137,28,2021,157,413,55,33,24.6),
(138,28,2022,29,437,16,86,35.8),
(139,28,2023,191,323,68,65,14.9),
(140,28,2024,68,489,50,84,36.0),
(141,29,2020,199,585,58,39,15.3),
(142,29,2021,111,237,46,68,20.7),
(143,29,2022,125,472,57,19,77.8),
(144,29,2023,75,420,48,12,27.0),
(145,29,2024,182,513,43,81,6.5),
(146,30,2020,191,566,69,35,36.7),
(147,30,2021,24,550,43,51,22.9),
(148,30,2022,85,219,50,39,52.1),
(149,30,2023,151,373,21,81,6.4),
(150,30,2024,168,424,20,66,29.5),
(151,31,2020,58,277,29,20,73.8),
(152,31,2021,55,557,63,91,11.4),
(153,31,2022,156,474,37,38,28.9),
(154,31,2023,76,552,16,8,28.8),
(155,31,2024,154,535,63,16,24.0),
(156,32,2020,76,214,18,49,34.3),
(157,32,2021,53,257,20,14,39.2),
(158,32,2022,157,441,64,42,33.3),
(159,32,2023,194,427,58,95,21.5),
(160,32,2024,154,256,63,14,26.6),
(161,33,2020,76,529,62,80,24.9),
(162,33,2021,88,235,53,20,70.3),
(163,33,2022,26,307,52,98,74.4),
(164,33,2023,177,467,24,94,71.8),
(165,33,2024,94,573,37,26,17.4),
(166,34,2020,143,378,28,80,12.5),
(167,34,2021,200,355,22,19,25.3),
(168,34,2022,175,220,49,66,73.7),
(169,34,2023,61,260,65,64,65.6),
(170,34,2024,35,201,66,84,29.7),
(171,35,2020,80,225,26,11,14.0),
(172,35,2021,103,322,56,67,6.6),
(173,35,2022,96,455,34,85,74.6),
(174,35,2023,194,276,60,80,75.6),
(175,35,2024,120,288,39,95,8.1),
(176,36,2020,176,462,69,38,24.0),
(177,36,2021,44,499,34,68,17.6),
(178,36,2022,47,378,38,34,60.9),
(179,36,2023,69,314,39,26,76.1),
(180,36,2024,39,236,57,16,6.3),
(181,37,2020,60,283,21,22,26.6),
(182,37,2021,154,275,61,100,28.1),
(183,37,2022,119,422,37,23,78.1),
(184,37,2023,68,445,40,83,45.6),
(185,37,2024,165,513,66,39,36.9),
(186,38,2020,136,368,59,81,30.0),
(187,38,2021,85,317,62,14,74.6),
(188,38,2022,161,308,57,88,28.0),
(189,38,2023,141,312,30,73,18.7),
(190,38,2024,191,577,60,63,23.4),
(191,39,2020,54,568,43,20,23.2),
(192,39,2021,124,323,14,74,35.8),
(193,39,2022,75,447,65,72,5.6),
(194,39,2023,142,431,44,7,11.4),
(195,39,2024,27,528,60,88,50.5),
(196,40,2020,96,395,61,22,19.0),
(197,40,2021,134,235,15,93,37.2),
(198,40,2022,133,205,35,75,28.1),
(199,40,2023,133,417,57,24,39.1),
(200,40,2024,48,278,43,87,57.4);

CREATE TABLE kualitas_hidup(
    id_kualitas_hidup INT PRIMARY KEY,
    id_kota INT,
    tahun INT,
    index_kualitas_hidup DECIMAL(5,2),
    index_keamanan DECIMAL(5,2),
    index_kesehatan DECIMAL(5,2),
    index_pendidikan DECIMAL(5,2),
    index_biaya_hidup DECIMAL(5,2),
    FOREIGN KEY(id_kota) REFERENCES kota(id_kota)
);

INSERT INTO kualitas_hidup VALUES
(1,1,2020,159.7,45.2,71.9,42.2,55.2),
(2,1,2021,96.9,79.1,62.5,87.0,42.2),
(3,1,2022,127.2,80.9,43.2,81.1,80.5),
(4,1,2023,126.4,44.0,61.3,84.2,40.2),
(5,1,2024,161.7,50.5,50.3,95.9,48.0),
(6,2,2020,100.3,62.1,48.2,57.9,45.9),
(7,2,2021,166.8,59.5,54.9,82.5,41.3),
(8,2,2022,189.4,76.6,75.3,96.6,120.6),
(9,2,2023,50.8,53.1,85.5,95.5,49.9),
(10,2,2024,104.5,59.2,91.1,49.6,60.3),
(11,3,2020,62.3,51.7,62.5,48.0,78.3),
(12,3,2021,191.2,54.5,50.5,93.8,119.0),
(13,3,2022,199.5,81.3,84.6,42.3,62.3),
(14,3,2023,50.2,63.8,62.0,88.7,115.1),
(15,3,2024,156.4,72.2,65.0,54.5,79.0),
(16,4,2020,140.5,53.6,56.2,42.7,56.7),
(17,4,2021,69.7,71.5,70.9,71.1,49.5),
(18,4,2022,141.2,85.7,75.9,89.2,99.3),
(19,4,2023,73.8,87.1,52.2,68.2,102.0),
(20,4,2024,65.7,54.3,45.6,45.3,49.3),
(21,5,2020,99.3,72.9,46.3,85.7,91.4),
(22,5,2021,84.9,55.5,61.1,43.9,126.3),
(23,5,2022,181.5,73.1,87.8,40.9,48.6),
(24,5,2023,61.1,75.3,64.5,97.1,90.8),
(25,5,2024,59.1,62.4,43.8,49.9,81.8),
(26,6,2020,168.2,71.7,48.2,54.5,96.8),
(27,6,2021,86.1,79.5,47.8,89.9,101.7),
(28,6,2022,156.8,73.3,81.4,52.9,116.9),
(29,6,2023,135.2,80.6,82.4,86.3,71.6),
(30,6,2024,111.7,69.5,50.8,49.3,80.7),
(31,7,2020,137.2,54.8,81.1,55.7,112.1),
(32,7,2021,195.8,41.0,83.1,59.7,54.7),
(33,7,2022,102.6,51.0,69.6,78.1,53.2),
(34,7,2023,106.8,36.0,52.1,92.6,43.8),
(35,7,2024,166.7,31.8,84.9,70.1,45.6),
(36,8,2020,151.7,77.7,70.7,50.1,92.6),
(37,8,2021,189.5,66.0,81.3,46.7,72.8),
(38,8,2022,195.6,75.3,72.9,42.5,74.6),
(39,8,2023,101.1,56.9,90.0,61.8,51.9),
(40,8,2024,118.2,37.2,64.8,41.1,121.2),
(41,9,2020,139.3,70.0,58.3,67.3,128.6),
(42,9,2021,51.2,36.6,92.6,91.9,116.9),
(43,9,2022,151.4,63.9,57.5,69.4,45.0),
(44,9,2023,76.7,50.7,49.7,42.2,102.6),
(45,9,2024,75.6,35.9,60.3,82.0,117.0),
(46,10,2020,106.1,57.6,81.2,75.2,95.0),
(47,10,2021,160.2,84.6,47.9,53.2,70.7),
(48,10,2022,101.2,53.0,63.7,43.6,85.2),
(49,10,2023,122.7,70.1,66.2,69.1,114.5),
(50,10,2024,103.6,70.8,71.6,43.2,43.2),
(51,11,2020,51.8,36.1,68.7,79.3,82.5),
(52,11,2021,178.8,44.3,72.5,45.5,68.1),
(53,11,2022,143.3,55.9,73.5,70.7,90.4),
(54,11,2023,157.1,89.1,85.4,42.7,121.7),
(55,11,2024,137.6,70.8,92.1,53.2,73.1),
(56,12,2020,106.6,32.8,71.8,83.7,122.5),
(57,12,2021,67.8,85.7,61.3,44.0,110.2),
(58,12,2022,195.9,80.2,85.4,57.5,115.5),
(59,12,2023,116.1,64.8,67.4,72.1,71.9),
(60,12,2024,51.7,68.7,83.4,81.5,64.6),
(61,13,2020,75.2,33.1,71.5,66.5,76.4),
(62,13,2021,151.6,69.3,61.9,87.5,81.7),
(63,13,2022,51.0,59.4,55.6,42.0,75.8),
(64,13,2023,188.1,59.1,40.1,87.9,74.6),
(65,13,2024,106.3,35.4,61.4,48.8,105.1),
(66,14,2020,192.7,44.1,52.7,93.4,112.5),
(67,14,2021,109.2,57.9,72.8,70.6,44.8),
(68,14,2022,169.7,43.3,85.5,59.8,43.0),
(69,14,2023,96.0,47.9,68.0,83.0,101.0),
(70,14,2024,161.6,30.3,89.9,63.0,76.7),
(71,15,2020,52.1,58.8,61.2,94.0,89.9),
(72,15,2021,102.8,58.6,73.0,91.9,114.9),
(73,15,2022,59.7,32.5,54.4,43.6,64.1),
(74,15,2023,161.8,38.1,51.1,51.0,85.7),
(75,15,2024,77.0,68.9,72.6,47.3,95.4),
(76,16,2020,169.9,48.4,69.8,56.9,112.6),
(77,16,2021,155.3,61.2,74.6,46.2,114.0),
(78,16,2022,121.1,75.5,49.9,96.8,70.8),
(79,16,2023,134.7,64.2,47.6,41.4,122.5),
(80,16,2024,52.8,56.2,58.0,49.1,84.5),
(81,17,2020,192.3,77.6,80.3,66.6,122.2),
(82,17,2021,78.7,37.2,73.5,63.5,84.5),
(83,17,2022,93.4,89.9,52.2,67.4,101.0),
(84,17,2023,80.5,69.6,60.6,93.1,97.0),
(85,17,2024,166.8,67.9,89.6,54.1,87.5),
(86,18,2020,189.7,42.0,54.3,88.7,62.5),
(87,18,2021,108.1,47.9,47.7,56.8,99.1),
(88,18,2022,161.9,46.5,45.4,63.9,73.1),
(89,18,2023,143.3,66.7,84.0,56.5,98.5),
(90,18,2024,89.7,64.5,79.8,63.3,46.9),
(91,19,2020,158.5,38.9,74.1,82.3,77.3),
(92,19,2021,65.9,49.4,64.9,62.0,40.3),
(93,19,2022,193.8,30.4,87.2,47.3,65.2),
(94,19,2023,112.8,88.4,43.2,77.1,125.3),
(95,19,2024,197.8,51.4,77.9,90.2,111.0),
(96,20,2020,129.6,71.1,41.2,93.9,110.6),
(97,20,2021,155.3,71.0,92.8,85.4,41.8),
(98,20,2022,198.3,37.2,80.5,94.0,81.8),
(99,20,2023,56.5,66.0,45.9,97.5,124.5),
(100,20,2024,86.1,50.1,79.1,75.5,78.7),
(101,21,2020,168.5,78.2,92.5,94.3,62.2),
(102,21,2021,76.1,88.2,92.3,70.4,80.1),
(103,21,2022,147.7,55.7,53.8,77.9,103.4),
(104,21,2023,175.3,46.2,40.1,74.8,105.0),
(105,21,2024,152.5,77.1,92.3,45.8,126.7),
(106,22,2020,83.7,84.7,67.2,40.7,65.0),
(107,22,2021,69.4,70.7,74.1,43.1,67.5),
(108,22,2022,100.1,68.4,51.3,48.7,75.1),
(109,22,2023,126.2,53.4,88.0,41.6,92.9),
(110,22,2024,53.2,63.3,40.0,84.4,121.7),
(111,23,2020,169.7,39.0,92.6,80.2,51.3),
(112,23,2021,87.8,76.7,48.5,59.3,117.0),
(113,23,2022,191.7,53.0,44.9,95.5,47.5),
(114,23,2023,70.9,47.0,68.8,72.2,50.3),
(115,23,2024,177.1,77.4,43.4,53.7,65.1),
(116,24,2020,156.2,69.3,83.9,61.2,76.7),
(117,24,2021,103.8,80.6,74.5,44.7,92.5),
(118,24,2022,72.1,40.9,40.9,73.7,114.8),
(119,24,2023,101.9,32.2,50.5,42.5,115.8),
(120,24,2024,71.7,67.2,43.6,88.5,44.0),
(121,25,2020,67.0,34.8,43.5,84.9,56.2),
(122,25,2021,188.0,72.9,69.0,43.1,98.1),
(123,25,2022,135.5,75.4,42.0,69.4,60.0),
(124,25,2023,168.4,77.1,77.6,79.1,113.6),
(125,25,2024,64.3,79.5,89.8,88.0,58.9),
(126,26,2020,86.7,36.4,61.0,97.4,81.7),
(127,26,2021,135.7,46.2,72.3,82.6,44.6),
(128,26,2022,86.6,75.3,62.5,95.8,82.0),
(129,26,2023,173.8,83.1,48.8,60.3,67.1),
(130,26,2024,146.2,31.6,42.3,66.5,76.7),
(131,27,2020,75.9,44.1,46.7,52.7,70.0),
(132,27,2021,74.1,79.8,80.4,58.7,75.6),
(133,27,2022,168.1,33.5,94.5,40.6,54.7),
(134,27,2023,143.6,73.8,68.3,56.5,63.4),
(135,27,2024,130.7,40.4,88.1,79.4,118.8),
(136,28,2020,98.2,48.8,52.9,85.8,96.6),
(137,28,2021,194.4,64.7,80.7,56.3,74.1),
(138,28,2022,132.7,56.6,66.3,44.5,40.1),
(139,28,2023,112.0,68.1,66.8,63.6,101.5),
(140,28,2024,67.3,31.9,94.6,46.6,81.1),
(141,29,2020,117.8,44.7,78.1,97.6,72.5),
(142,29,2021,66.8,76.4,64.2,73.2,90.4),
(143,29,2022,77.4,32.7,60.6,45.9,116.3),
(144,29,2023,175.2,45.4,50.5,79.8,63.2),
(145,29,2024,122.4,84.3,93.0,57.4,99.4),
(146,30,2020,133.1,60.9,53.0,60.3,109.0),
(147,30,2021,125.0,77.9,71.9,88.6,51.7),
(148,30,2022,92.6,85.6,78.6,53.1,99.2),
(149,30,2023,176.7,76.1,54.0,83.0,63.7),
(150,30,2024,56.2,41.5,62.7,41.5,91.3),
(151,31,2020,197.8,60.1,66.3,57.9,53.2),
(152,31,2021,71.0,58.5,68.7,65.6,101.8),
(153,31,2022,125.3,33.7,75.1,82.7,113.6),
(154,31,2023,54.3,67.2,47.5,70.4,58.4),
(155,31,2024,124.8,54.1,73.8,79.3,85.4),
(156,32,2020,100.1,50.0,80.7,79.5,88.3),
(157,32,2021,62.8,35.5,64.6,49.5,67.3),
(158,32,2022,191.2,38.0,71.8,49.1,45.7),
(159,32,2023,184.3,42.1,69.6,66.9,76.0),
(160,32,2024,142.1,40.7,62.6,72.6,85.3),
(161,33,2020,63.9,63.6,46.1,46.4,49.0),
(162,33,2021,51.3,32.3,81.7,73.8,74.7),
(163,33,2022,86.6,83.9,67.8,57.4,90.4),
(164,33,2023,103.3,87.0,64.1,70.3,88.7),
(165,33,2024,105.3,69.2,74.0,64.3,64.9),
(166,34,2020,100.6,51.8,59.0,44.6,80.3),
(167,34,2021,95.3,83.1,81.3,50.7,43.6),
(168,34,2022,171.1,55.1,87.4,71.9,103.5),
(169,34,2023,165.6,34.8,69.9,79.5,109.2),
(170,34,2024,189.5,62.4,92.8,41.3,69.4),
(171,35,2020,163.4,60.5,58.4,56.5,104.8),
(172,35,2021,99.2,59.1,90.9,57.6,46.4),
(173,35,2022,64.0,30.9,56.3,50.6,76.7),
(174,35,2023,86.6,76.8,70.9,58.6,99.1),
(175,35,2024,69.1,78.2,64.0,86.4,68.8),
(176,36,2020,129.8,57.4,75.5,59.2,75.9),
(177,36,2021,160.6,35.4,58.3,97.1,120.6),
(178,36,2022,178.4,44.7,87.4,63.6,111.0),
(179,36,2023,63.2,47.5,79.4,64.5,97.3),
(180,36,2024,128.7,75.8,71.9,81.8,121.3),
(181,37,2020,188.6,33.8,46.5,92.7,100.5),
(182,37,2021,81.8,40.0,69.7,62.3,117.1),
(183,37,2022,174.9,46.5,75.1,77.3,43.1),
(184,37,2023,72.7,73.5,90.1,89.1,120.1),
(185,37,2024,145.3,37.3,46.2,61.4,66.1),
(186,38,2020,115.7,39.8,57.6,79.2,110.3),
(187,38,2021,109.0,54.7,76.2,44.5,82.9),
(188,38,2022,88.3,82.1,90.3,86.9,85.9),
(189,38,2023,191.0,66.1,50.3,56.0,43.7),
(190,38,2024,180.6,39.8,80.7,78.5,94.7),
(191,39,2020,192.5,87.7,59.0,60.7,56.5),
(192,39,2021,62.3,58.4,46.9,40.8,128.9),
(193,39,2022,121.1,32.3,71.3,89.9,82.6),
(194,39,2023,124.8,49.4,87.5,65.9,94.8),
(195,39,2024,116.4,80.6,76.5,43.5,103.6),
(196,40,2020,163.1,61.6,54.7,76.9,79.3),
(197,40,2021,50.9,38.8,87.6,72.3,97.6),
(198,40,2022,162.3,57.2,62.8,73.3,73.1),
(199,40,2023,117.8,79.7,80.5,44.6,97.5),
(200,40,2024,84.9,71.3,90.7,95.3,90.2);